{
  "version": 1,
  "author": "Shiv",
  "editor": "wokwi",
  "parts": [
    { "type": "wokwi-esp32-devkit-v1", "id": "esp", "top": 23.9, "left": 14.2, "attrs": {} },
    { "type": "wokwi-servo", "id": "servo1", "top": -88.4, "left": 249.6, "attrs": {} },
    {
      "type": "wokwi-photoresistor-sensor",
      "id": "ldr1",
      "top": -131.2,
      "left": -220,
      "attrs": {}
    },
    { "type": "wokwi-dht22", "id": "dht1", "top": -239.7, "left": 42.6, "attrs": {} },
    {
      "type": "wokwi-pir-motion-sensor",
      "id": "pir1",
      "top": -15.2,
      "left": -189.78,
      "attrs": {}
    },
    {
      "type": "wokwi-buzzer",
      "id": "bz1",
      "top": 50.4,
      "left": -257.4,
      "attrs": { "volume": "0.1" }
    },
    { "type": "wokwi-servo", "id": "servo2", "top": 55.6, "left": 249.6, "attrs": {} },
    { "type": "wokwi-servo", "id": "servo3", "top": 170.8, "left": 249.6, "attrs": {} }
  ],
  "connections": [
    [ "esp:TX0", "$serialMonitor:RX", "", [] ],
    [ "esp:RX0", "$serialMonitor:TX", "", [] ],
    [ "esp:D15", "dht1:SDA", "green", [ "h9.3", "v-230.6", "h-67.2" ] ],
    [ "dht1:GND", "esp:GND.1", "black", [ "v48", "h57.6", "v249.6" ] ],
    [ "dht1:VCC", "esp:3V3", "red", [ "v124.8", "h96", "v182.4", "h9.6" ] ],
    [ "ldr1:VCC", "esp:3V3", "red", [ "h48", "v364.8", "h134.4" ] ],
    [ "ldr1:GND", "esp:GND.2", "black", [ "h28.8", "v278" ] ],
    [ "ldr1:AO", "esp:D34", "green", [ "h9.6", "v152.9" ] ],
    [ "pir1:GND", "esp:GND.2", "black", [ "v0" ] ],
    [ "pir1:OUT", "esp:D35", "green", [ "v0" ] ],
    [ "pir1:VCC", "esp:3V3", "red", [ "v163.2", "h259.2", "v-57.6" ] ],
    [ "bz1:1", "esp:D27", "green", [ "v9.6", "h192", "v-28.8" ] ],
    [ "servo1:GND", "esp:GND.1", "black", [ "h-67.2", "v211.2", "h-19.2" ] ],
    [ "servo2:GND", "esp:GND.1", "black", [ "h-57.6", "v67.2" ] ],
    [ "servo3:GND", "esp:GND.1", "black", [ "h-96", "v-9.6" ] ],
    [ "servo1:V+", "esp:3V3", "red", [ "h-48", "v48.1", "h0", "v38.4" ] ],
    [ "servo2:V+", "esp:3V3", "red", [ "h-38.4", "v86.5" ] ],
    [ "servo3:V+", "esp:3V3", "red", [ "h-115.2", "v0.1", "h0", "v0" ] ],
    [ "servo1:PWM", "esp:D4", "green", [ "h-86.4", "v153.8" ] ],
    [ "servo2:PWM", "esp:D5", "green", [ "h-115.2", "v-9.4" ] ],
    [ "servo3:PWM", "esp:D21", "green", [ "h-76.8", "v-163" ] ]
  ],
  "dependencies": {}
}